grade,sourceChapter,sourceLesson,targetChapter,targetLesson,score,flags,questionCount,url
1,Chủ đề 1: Các số từ 0 đến 10,Trắc nghiệm Bài 4: So sánh số,CH?A MAP ???C,CH?A MAP ???C,40,unmatched,8,https://vietjack.com/toan-1-ket-noi/trac-nghiem-bai-4-so-sanh-so.jsp
1,Chủ đề 1: Các số từ 0 đến 10,Trắc nghiệm Bài 5: Mấy và mấy,CH?A MAP ???C,CH?A MAP ???C,16,unmatched,10,https://vietjack.com/toan-1-ket-noi/trac-nghiem-bai-5-may-va-may.jsp
1,Chủ đề 1: Các số từ 0 đến 10,Trắc nghiệm Bài 6: Luyện tập chung,CH?A MAP ???C,CH?A MAP ???C,0,unmatched,8,https://vietjack.com/toan-1-ket-noi/trac-nghiem-bai-6-luyen-tap-chung.jsp
1,Chủ đề 2: Làm quen với một số hình phẳng,"Trắc nghiệm Bài 7: Hình vuông, hình tròn, hình tam giác, hình chữ nhật",Chủ đề 1: Các số đến 10,"2. Hình vuông - hình tròn, hình tam giác - hình chữ nhật",80,,8,https://vietjack.com/toan-1-ket-noi/trac-nghiem-bai-7-hinh-vuong-hinh-tron-hinh-tam-giac-hinh-chu-nhat.jsp
1,Chủ đề 2: Làm quen với một số hình phẳng,"Trắc nghiệm Bài 8: Thực hành lắp ghép, xếp hình",CH?A MAP ???C,CH?A MAP ???C,7,unmatched,5,https://vietjack.com/toan-1-ket-noi/trac-nghiem-bai-8-thuc-hanh-lap-ghep-xep-hinh.jsp
1,Chủ đề 2: Làm quen với một số hình phẳng,Trắc nghiệm Bài 9: Luyện tập chung,CH?A MAP ???C,CH?A MAP ???C,0,unmatched,6,https://vietjack.com/toan-1-ket-noi/trac-nghiem-bai-9-luyen-tap-chung.jsp
1,"Trắc nghiệm Chủ đề 3: Phép cộng, phép trừ trong phạm vi 10",Trắc nghiệm Bài 13: Luyện tập chung,CH?A MAP ???C,CH?A MAP ???C,16,unmatched,16,https://vietjack.com/toan-1-ket-noi/trac-nghiem-bai-13-luyen-tap-chung.jsp
1,Chủ đề 4: Làm quen với một số hình khối,"Trắc nghiệm Bài 14: Khối lập phương, khối hộp chữ nhật","Chủ đề 2: Phép cộng, phép trừ trong phạm vi 10","10. Khối hộp chữ nhật, khối lập phương",60,low_score,3,https://vietjack.com/toan-1-ket-noi/trac-nghiem-bai-14-khoi-lap-phuong-khoi-hop-chu-nhat.jsp
1,Chủ đề 4: Làm quen với một số hình khối,"Trắc nghiệm Bài 15: Vị trí, định hướng trong không gian",CH?A MAP ???C,CH?A MAP ???C,15,unmatched,8,https://vietjack.com/toan-1-ket-noi/trac-nghiem-bai-15-vi-tri-dinh-huong-trong-khong-gian.jsp
1,Chủ đề 4: Làm quen với một số hình khối,Trắc nghiệm Bài 16: Luyện tập chung,CH?A MAP ???C,CH?A MAP ???C,11,unmatched,4,https://vietjack.com/toan-1-ket-noi/trac-nghiem-bai-16-luyen-tap-chung.jsp
1,Trắc nghiệm Chủ đề 5: Ôn tập Học kì 1,Trắc nghiệm Bài 17: Ôn tập các số trong phạm vi 10,CH?A MAP ???C,CH?A MAP ???C,44,unmatched,8,https://vietjack.com/toan-1-ket-noi/trac-nghiem-bai-17-on-tap-cac-so-trong-pham-vi-10.jsp
1,Trắc nghiệm Chủ đề 5: Ôn tập Học kì 1,"Trắc nghiệm Bài 18: Ôn tập phép cộng, phép trừ trong phạm vi 10","Chủ đề 2: Phép cộng, phép trừ trong phạm vi 10",6. Phép cộng trong phạm vi 10,60,low_score|ambiguous_match,9,https://vietjack.com/toan-1-ket-noi/trac-nghiem-bai-18-on-tap-phep-cong-phep-tru-trong-pham-vi-10.jsp
1,Trắc nghiệm Chủ đề 5: Ôn tập Học kì 1,Trắc nghiệm Bài 19: Ôn tập hình học,CH?A MAP ???C,CH?A MAP ???C,10,unmatched,7,https://vietjack.com/toan-1-ket-noi/trac-nghiem-bai-19-on-tap-hinh-hoc.jsp
1,Trắc nghiệm Chủ đề 5: Ôn tập Học kì 1,Trắc nghiệm Bài 20: Ôn tập chung,CH?A MAP ???C,CH?A MAP ???C,0,unmatched,9,https://vietjack.com/toan-1-ket-noi/trac-nghiem-bai-20-on-tap-chung.jsp
1,Trắc nghiệm Chủ đề 6: Các số đến 100,Trắc nghiệm Bài 21: Số có hai chữ số,CH?A MAP ???C,CH?A MAP ???C,44,unmatched,32,https://vietjack.com/toan-1-ket-noi/trac-nghiem-bai-21-so-co-hai-chu-so.jsp
1,Trắc nghiệm Chủ đề 6: Các số đến 100,Trắc nghiệm Bài 22: So sánh số có hai chữ số,CH?A MAP ???C,CH?A MAP ???C,29,unmatched,12,https://vietjack.com/toan-1-ket-noi/trac-nghiem-bai-22-so-sanh-so-co-hai-chu-so.jsp
1,Trắc nghiệm Chủ đề 6: Các số đến 100,Trắc nghiệm Bài 23: Bảng các số từ 1 đến 100,Chủ đề 3: Các số trong phạm vi 100,1. Các số đến 100,46,low_score,10,https://vietjack.com/toan-1-ket-noi/trac-nghiem-bai-23-bang-cac-so-tu-1-den-100.jsp
1,Trắc nghiệm Chủ đề 6: Các số đến 100,Trắc nghiệm Bài 24: Luyện tập chung,CH?A MAP ???C,CH?A MAP ???C,0,unmatched,8,https://vietjack.com/toan-1-ket-noi/trac-nghiem-bai-24-luyen-tap-chung.jsp
1,Chủ đề 7: Độ dài và đo độ dài,"Trắc nghiệm Bài 25: Dài hơn, ngắn hơn",Chủ đề 3: Các số trong phạm vi 100,"9. Dài hơn, ngắn hơn",60,low_score,1,https://vietjack.com/toan-1-ket-noi/trac-nghiem-bai-25-dai-hon-ngan-hon.jsp
1,Chủ đề 7: Độ dài và đo độ dài,Trắc nghiệm Bài 26: Đơn vị đo độ dài,CH?A MAP ???C,CH?A MAP ???C,27,unmatched,10,https://vietjack.com/toan-1-ket-noi/trac-nghiem-bai-26-don-vi-do-do-dai.jsp
1,Chủ đề 7: Độ dài và đo độ dài,Trắc nghiệm Bài 27: Thực hành ước lượng và đo độ dài,CH?A MAP ???C,CH?A MAP ???C,18,unmatched,4,https://vietjack.com/toan-1-ket-noi/trac-nghiem-bai-27-thuc-hanh-uoc-luong-va-do-do-dai.jsp
1,Chủ đề 7: Độ dài và đo độ dài,Trắc nghiệm Bài 28: Luyện tập chung,CH?A MAP ???C,CH?A MAP ???C,0,unmatched,2,https://vietjack.com/toan-1-ket-noi/trac-nghiem-bai-28-luyen-tap-chung.jsp
1,"Trắc nghiệm Chủ đề 8: Phép cộng, phép trừ (không nhớ) trong phạm vi 100",Trắc nghiệm Bài 29: Phép cộng số có hai chữ số với số có một chữ số,CH?A MAP ???C,CH?A MAP ???C,23,unmatched,6,https://vietjack.com/toan-1-ket-noi/trac-nghiem-bai-29-phep-cong-so-co-hai-chu-so-voi-so-co-mot.jsp
1,"Trắc nghiệm Chủ đề 8: Phép cộng, phép trừ (không nhớ) trong phạm vi 100",Trắc nghiệm Bài 30: Phép cộng số có hai chữ số với số có hai chữ số,CH?A MAP ???C,CH?A MAP ???C,25,unmatched,8,https://vietjack.com/toan-1-ket-noi/trac-nghiem-bai-30-phep-cong-so-co-hai-chu-so-voi-so-co-hai.jsp
1,"Trắc nghiệm Chủ đề 8: Phép cộng, phép trừ (không nhớ) trong phạm vi 100",Trắc nghiệm Bài 31: Phép trừ số có hai chữ số cho số có một chữ số,CH?A MAP ???C,CH?A MAP ???C,23,unmatched,6,https://vietjack.com/toan-1-ket-noi/trac-nghiem-bai-31-phep-tru-so-co-hai-chu-so-cho-so-co-mot.jsp
1,"Trắc nghiệm Chủ đề 8: Phép cộng, phép trừ (không nhớ) trong phạm vi 100",Trắc nghiệm Bài 32: Phép trừ số có hai chữ số cho số có hai chữ số,CH?A MAP ???C,CH?A MAP ???C,25,unmatched,10,https://vietjack.com/toan-1-ket-noi/trac-nghiem-bai-32-phep-tru-so-co-hai-chu-so-cho-so-co-hai.jsp
1,"Trắc nghiệm Chủ đề 8: Phép cộng, phép trừ (không nhớ) trong phạm vi 100",Trắc nghiệm Bài 33: Luyện tập chung,CH?A MAP ???C,CH?A MAP ???C,0,unmatched,10,https://vietjack.com/toan-1-ket-noi/trac-nghiem-bai-33-luyen-tap-chung.jsp
2,"Trắc nghiệm Chương 1. Ôn tập lớp 1. Phép cộng, phép trừ (có nhớ) trong phạm vi 20.",Trắc nghiệm Ôn tập các số đến 100,CH?A MAP ???C,CH?A MAP ???C,23,unmatched,4,https://vietjack.com/toan-2-canh-dieu/trac-nghiem-on-tap-cac-so-den-100.jsp
2,"Trắc nghiệm Chương 1. Ôn tập lớp 1. Phép cộng, phép trừ (có nhớ) trong phạm vi 20.","Trắc nghiệm Ôn tập về phép cộng, phép trừ (không nhớ) trong phạm vi 100","CHƯƠNG 2: PHÉP CỘNG, PHÉP TRỪ (CÓ NHỚ) TRONG PHẠM VI 100",1. Phép cộng (có nhớ) trong phạm vi 100,53,low_score|ambiguous_match,6,https://vietjack.com/toan-2-canh-dieu/trac-nghiem-on-tap-phep-cong-phep-tru-khong-nho-trong-pham-vi-100.jsp
2,"Trắc nghiệm Chương 1. Ôn tập lớp 1. Phép cộng, phép trừ (có nhớ) trong phạm vi 20.",Trắc nghiệm Bài toán về nhiều hơn,CH?A MAP ???C,CH?A MAP ???C,7,unmatched,4,https://vietjack.com/toan-2-canh-dieu/trac-nghiem-bai-toan-ve-nhieu-hon.jsp
2,"Trắc nghiệm Chương 1. Ôn tập lớp 1. Phép cộng, phép trừ (có nhớ) trong phạm vi 20.",Trắc nghiệm Bài toán về ít hơn,CH?A MAP ???C,CH?A MAP ???C,7,unmatched,4,https://vietjack.com/toan-2-canh-dieu/trac-nghiem-bai-toan-ve-it-hon.jsp
2,"Trắc nghiệm Chương 1. Ôn tập lớp 1. Phép cộng, phép trừ (có nhớ) trong phạm vi 20.",Trắc nghiệm Em ôn lại những gì đã học,CH?A MAP ???C,CH?A MAP ???C,0,unmatched,7,https://vietjack.com/toan-2-canh-dieu/trac-nghiem-em-on-lai-nhung-gi-da-hoc.jsp
2,Trắc nghiệm Chương 4. Các số trong phạm vi 1000,Trắc nghiệm Các số trong phạm vi 1000,"CHƯƠNG 4: CÁC SỐ TRONG PHẠM VI 1000. PHÉP CỘNG, PHÉP TRỪ TRONG PHẠM VI 1000",1. Các số trong phạm vi 1000,92,ambiguous_match,7,https://vietjack.com/toan-2-canh-dieu/trac-nghiem-cac-so-trong-pham-vi-1000.jsp
2,Trắc nghiệm Chương 4. Các số trong phạm vi 1000,Trắc nghiệm Các số có ba chữ số,"CHƯƠNG 4: CÁC SỐ TRONG PHẠM VI 1000. PHÉP CỘNG, PHÉP TRỪ TRONG PHẠM VI 1000",2. Các số có ba chữ số,92,ambiguous_match,6,https://vietjack.com/toan-2-canh-dieu/trac-nghiem-cac-so-co-ba-chu-so.jsp
2,Trắc nghiệm Chương 4. Các số trong phạm vi 1000,Trắc nghiệm Các số có ba chữ số (tiếp theo),"CHƯƠNG 4: CÁC SỐ TRONG PHẠM VI 1000. PHÉP CỘNG, PHÉP TRỪ TRONG PHẠM VI 1000",3. Các số có ba chữ số (tiếp theo),92,,4,https://vietjack.com/toan-2-canh-dieu/trac-nghiem-cac-so-co-ba-chu-so-tiep-theo.jsp
2,Trắc nghiệm Chương 4. Các số trong phạm vi 1000,Trắc nghiệm So sánh các số có ba chữ số,"CHƯƠNG 4: CÁC SỐ TRONG PHẠM VI 1000. PHÉP CỘNG, PHÉP TRỪ TRONG PHẠM VI 1000",4. So sánh các số có ba chữ số,92,,6,https://vietjack.com/toan-2-canh-dieu/trac-nghiem-so-sanh-cac-so-co-ba-chu-so.jsp
2,Trắc nghiệm Chương 4. Các số trong phạm vi 1000,Trắc nghiệm Mét,"CHƯƠNG 1: ÔN TẬP LỚP 1 PHÉP CỘNG, PHÉP TRỪ (CÓ NHỚ) TRONG PHẠM VI 20",4. Đề-xi-mét,92,ambiguous_match,12,https://vietjack.com/toan-2-canh-dieu/trac-nghiem-met.jsp
2,Trắc nghiệm Chương 4. Các số trong phạm vi 1000,Trắc nghiệm Ki-lô-mét,"CHƯƠNG 4: CÁC SỐ TRONG PHẠM VI 1000. PHÉP CỘNG, PHÉP TRỪ TRONG PHẠM VI 1000",11. Ki-lô-mét,92,,11,https://vietjack.com/toan-2-canh-dieu/trac-nghiem-ki-lo-met.jsp
2,Trắc nghiệm Chương 4. Các số trong phạm vi 1000,Trắc nghiệm Biểu đồ tranh,"CHƯƠNG 4: CÁC SỐ TRONG PHẠM VI 1000. PHÉP CỘNG, PHÉP TRỪ TRONG PHẠM VI 1000",19. Biểu đồ tranh,92,,10,https://vietjack.com/toan-2-canh-dieu/trac-nghiem-bieu-do-tranh.jsp
2,Trắc nghiệm Chương 4. Các số trong phạm vi 1000,Trắc nghiệm Ôn tập về số và các phép tính trong phạm vi 1000 (tiếp theo),CH?A MAP ???C,CH?A MAP ???C,40,unmatched,8,https://vietjack.com/toan-2-canh-dieu/trac-nghiem-on-tap-so-va-phep-tinh-trong-pham-vi-1000-tiep-theo.jsp
3,"Trắc nghiệm Chương 1: Bảng nhân, bảng chia",Trắc nghiệm Ôn tập về các số trong phạm vi 1000,CH?A MAP ???C,CH?A MAP ???C,44,unmatched,9,https://vietjack.com/toan-3-cd/trac-nghiem-on-tap-ve-cac-so-trong-pham-vi-1000.jsp
3,"Trắc nghiệm Chương 1: Bảng nhân, bảng chia","Trắc nghiệm Ôn tập về phép cộng, phép trừ trong phạm vi 1000",CH?A MAP ???C,CH?A MAP ???C,40,unmatched,9,https://vietjack.com/toan-3-cd/trac-nghiem-on-tap-ve-phep-cong-phep-tru-trong-pham-vi-1000.jsp
3,"Trắc nghiệm Chương 1: Bảng nhân, bảng chia",Trắc nghiệm Ôn tập về hình học và đo lường trang 10,CH?A MAP ???C,CH?A MAP ???C,11,unmatched,8,https://vietjack.com/toan-3-cd/trac-nghiem-on-tap-ve-hinh-hoc-va-do-luong-trang-10.jsp
3,"Trắc nghiệm Chương 1: Bảng nhân, bảng chia","Trắc nghiệm Ôn tập về phép nhân, bảng nhân 2, bảng nhân 5",CH?A MAP ???C,CH?A MAP ???C,40,unmatched,7,https://vietjack.com/toan-3-cd/trac-nghiem-on-tap-ve-phep-nhan-bang-nhan-2-bang-nhan-5.jsp
3,"Trắc nghiệm Chương 1: Bảng nhân, bảng chia",Trắc nghiệm Luyện tập (trang 30),CH?A MAP ???C,CH?A MAP ???C,0,unmatched,8,https://vietjack.com/toan-3-cd/trac-nghiem-luyen-tap-trang-30.jsp
3,"Trắc nghiệm Chương 1: Bảng nhân, bảng chia",Trắc nghiệm Luyện tập (tiếp theo) (trang 32),CH?A MAP ???C,CH?A MAP ???C,18,unmatched,8,https://vietjack.com/toan-3-cd/trac-nghiem-luyen-tap-tiep-theo-trang-32.jsp
3,"Trắc nghiệm Chương 1: Bảng nhân, bảng chia","Trắc nghiệm Ôn tập về phép chia, bảng chia 2, bảng chia 5",CH?A MAP ???C,CH?A MAP ???C,32,unmatched,8,https://vietjack.com/toan-3-cd/trac-nghiem-on-tap-ve-phep-chia-bang-chia-2-bang-chia-5.jsp
3,"Trắc nghiệm Chương 1: Bảng nhân, bảng chia",Trắc nghiệm Luyện tập (trang 52),CH?A MAP ???C,CH?A MAP ???C,0,unmatched,7,https://vietjack.com/toan-3-cd/trac-nghiem-luyen-tap-trang-52.jsp
3,"Trắc nghiệm Chương 1: Bảng nhân, bảng chia",Trắc nghiệm Luyện tập (tiếp theo) (trang 54),CH?A MAP ???C,CH?A MAP ???C,18,unmatched,9,https://vietjack.com/toan-3-cd/trac-nghiem-luyen-tap-tiep-theo-trang-54.jsp
3,"Trắc nghiệm Chương 1: Bảng nhân, bảng chia",Trắc nghiệm Em ôn lại những gì đã học (trang 63),CH?A MAP ???C,CH?A MAP ???C,0,unmatched,8,https://vietjack.com/toan-3-cd/trac-nghiem-em-on-lai-nhung-gi-da-hoc-trang-63.jsp
3,"Trắc nghiệm Chương 2: Nhân, chia các số trong phạm vi 1000",Trắc nghiệm Nhân số tròn chục với một chữ số,"Chủ đề 2: Nhân, chia các số trong phạm vi 1 000",1. Nhân số tròn chục với số có một chữ số,70,,8,https://vietjack.com/toan-3-cd/trac-nghiem-nhan-so-tron-chuc-voi-so-co-mot-chu-so.jsp
3,"Trắc nghiệm Chương 2: Nhân, chia các số trong phạm vi 1000",Trắc nghiệm Nhân với số có một chữ số (không nhớ),"Chủ đề 2: Nhân, chia các số trong phạm vi 1 000",2. Nhân với số có một chữ số (không nhớ),92,ambiguous_match,8,https://vietjack.com/toan-3-cd/trac-nghiem-nhan-voi-so-co-mot-chu-so-khong-nho.jsp
3,"Trắc nghiệm Chương 2: Nhân, chia các số trong phạm vi 1000",Trắc nghiệm Luyện tập (trang 72),CH?A MAP ???C,CH?A MAP ???C,0,unmatched,7,https://vietjack.com/toan-3-cd/trac-nghiem-luyen-tap-trang-72.jsp
3,"Trắc nghiệm Chương 2: Nhân, chia các số trong phạm vi 1000",Trắc nghiệm Phép chia hết. Phép chia có dư,"Chủ đề 2: Nhân, chia các số trong phạm vi 1 000","4. Phép chia hết, phép chia có dư",92,,8,https://vietjack.com/toan-3-cd/trac-nghiem-phep-chia-het-phep-chia-co-du.jsp
3,"Trắc nghiệm Chương 2: Nhân, chia các số trong phạm vi 1000","Trắc nghiệm Chia số tròn trục, tròn trăm cho số có một chữ số","Chủ đề 2: Nhân, chia các số trong phạm vi 1 000","5. Chia số tròn chục, tròn trăm cho số có một chữ số",64,low_score,8,https://vietjack.com/toan-3-cd/trac-nghiem-chia-so-tron-chuc-tron-tram-cho-so-co-mot-chu-so.jsp
3,"Trắc nghiệm Chương 2: Nhân, chia các số trong phạm vi 1000",Trắc nghiệm Chia cho số có một chữ số,"Chủ đề 2: Nhân, chia các số trong phạm vi 1 000",6. Chia cho số có một chữ số,92,ambiguous_match,8,https://vietjack.com/toan-3-cd/trac-nghiem-chia-cho-so-co-mot-chu-so.jsp
3,"Trắc nghiệm Chương 2: Nhân, chia các số trong phạm vi 1000",Trắc nghiệm Luyện tập (trang 79),CH?A MAP ???C,CH?A MAP ???C,0,unmatched,8,https://vietjack.com/toan-3-cd/trac-nghiem-luyen-tap-trang-79.jsp
3,"Trắc nghiệm Chương 2: Nhân, chia các số trong phạm vi 1000",Trắc nghiệm Luyện tập chung (trang 80),CH?A MAP ???C,CH?A MAP ???C,0,unmatched,8,https://vietjack.com/toan-3-cd/trac-nghiem-luyen-tap-chung-trang-80.jsp
3,"Trắc nghiệm Chương 2: Nhân, chia các số trong phạm vi 1000",Trắc nghiệm So sánh số lớn gấp mấy lần số bé,"Chủ đề 2: Nhân, chia các số trong phạm vi 1 000",9. So sánh số lớn gấp mấy lần số bé,92,,10,https://vietjack.com/toan-3-cd/trac-nghiem-so-sanh-so-lon-gap-may-lan-so-be.jsp
3,"Trắc nghiệm Chương 2: Nhân, chia các số trong phạm vi 1000",Trắc nghiệm Giải bài toán có đến hai bước tính,"Chủ đề 2: Nhân, chia các số trong phạm vi 1 000",10. Giải bài toán có đến hai bước tính,92,,8,https://vietjack.com/toan-3-cd/trac-nghiem-giai-bai-toan-co-den-hai-buoc-tinh.jsp
3,"Trắc nghiệm Chương 2: Nhân, chia các số trong phạm vi 1000",Trắc nghiệm Làm quen với biểu thức số,"Chủ đề 2: Nhân, chia các số trong phạm vi 1 000",11. Làm quen với biểu thức số,92,,8,https://vietjack.com/toan-3-cd/trac-nghiem-lam-quen-voi-bieu-thuc-so.jsp
3,"Trắc nghiệm Chương 2: Nhân, chia các số trong phạm vi 1000",Trắc nghiệm Tính giá trị biểu thức số,"Chủ đề 2: Nhân, chia các số trong phạm vi 1 000",12. Tính giá trị của biểu thức số,60,low_score,8,https://vietjack.com/toan-3-cd/trac-nghiem-tinh-gia-tri-cua-bieu-thuc-so.jsp
3,"Trắc nghiệm Chương 2: Nhân, chia các số trong phạm vi 1000",Trắc nghiệm Tính giá trị biểu thức số (tiếp theo) (trang 91),"Chủ đề 2: Nhân, chia các số trong phạm vi 1 000",13. Tính giá trị của biểu thức số (tiếp theo),64,low_score|ambiguous_match,8,https://vietjack.com/toan-3-cd/trac-nghiem-tinh-gia-tri-cua-bieu-thuc-so-tiep-theo-trang-91.jsp
3,"Trắc nghiệm Chương 2: Nhân, chia các số trong phạm vi 1000",Trắc nghiệm Tính giá trị biểu thức số (tiếp theo) (trang 93),"Chủ đề 2: Nhân, chia các số trong phạm vi 1 000",13. Tính giá trị của biểu thức số (tiếp theo),64,low_score|ambiguous_match,8,https://vietjack.com/toan-3-cd/trac-nghiem-tinh-gia-tri-cua-bieu-thuc-so-tiep-theo-trang-93.jsp
3,"Trắc nghiệm Chương 2: Nhân, chia các số trong phạm vi 1000",Trắc nghiệm Luyện tập chung (trang 95),CH?A MAP ???C,CH?A MAP ???C,0,unmatched,8,https://vietjack.com/toan-3-cd/trac-nghiem-luyen-tap-chung-trang-95.jsp
3,"Trắc nghiệm Chương 2: Nhân, chia các số trong phạm vi 1000",Trắc nghiệm Mi-li-lít,"Chủ đề 2: Nhân, chia các số trong phạm vi 1 000",16. Mi-li-lít,92,,8,https://vietjack.com/toan-3-cd/trac-nghiem-mi-li-lit.jsp
3,"Trắc nghiệm Chương 2: Nhân, chia các số trong phạm vi 1000",Trắc nghiệm Nhiệt độ,"Chủ đề 2: Nhân, chia các số trong phạm vi 1 000",17. Nhiệt độ,92,,8,https://vietjack.com/toan-3-cd/trac-nghiem-nhiet-do.jsp
3,"Trắc nghiệm Chương 2: Nhân, chia các số trong phạm vi 1000","Trắc nghiệm Góc vuông, góc không vuông","Chủ đề 2: Nhân, chia các số trong phạm vi 1 000","18. Góc vuông, góc không vuông",92,,8,https://vietjack.com/toan-3-cd/trac-nghiem-goc-vuong-goc-khong-vuong.jsp
3,"Trắc nghiệm Chương 2: Nhân, chia các số trong phạm vi 1000",Trắc nghiệm Hình tam giác. Hình tứ giác,"Chủ đề 2: Nhân, chia các số trong phạm vi 1 000","19. Hình tam giác, hình tứ giác",92,,8,https://vietjack.com/toan-3-cd/trac-nghiem-hinh-tam-giac-hinh-tu-giac.jsp
3,"Trắc nghiệm Chương 2: Nhân, chia các số trong phạm vi 1000",Trắc nghiệm Chu vi hình tam giác. Chu vi hình tứ giác,"Chủ đề 2: Nhân, chia các số trong phạm vi 1 000","20. Chu vi hình tam giác, chu vi hình tứ giác",92,,8,https://vietjack.com/toan-3-cd/trac-nghiem-chu-vi-hinh-tam-giac-chu-vi-hinh-tu-giac.jsp
3,"Trắc nghiệm Chương 2: Nhân, chia các số trong phạm vi 1000",Trắc nghiệm Hình chữ nhật,"Chủ đề 2: Nhân, chia các số trong phạm vi 1 000",21. Hình chữ nhật,92,ambiguous_match,8,https://vietjack.com/toan-3-cd/trac-nghiem-hinh-chu-nhat.jsp
3,"Trắc nghiệm Chương 2: Nhân, chia các số trong phạm vi 1000",Trắc nghiệm Hình vuông,"Chủ đề 2: Nhân, chia các số trong phạm vi 1 000",22. Hình vuông,92,ambiguous_match,8,https://vietjack.com/toan-3-cd/trac-nghiem-hinh-vuong.jsp
3,"Trắc nghiệm Chương 2: Nhân, chia các số trong phạm vi 1000","Trắc nghiệm Chu vi hình chữ nhật, chu vi hình vuông","Chủ đề 2: Nhân, chia các số trong phạm vi 1 000","23. Chu vi hình chữ nhật, chu vi hình vuông",92,,8,https://vietjack.com/toan-3-cd/trac-nghiem-chu-vi-hinh-chu-nhat-chu-vi-hinh-vuong.jsp
3,"Trắc nghiệm Chương 2: Nhân, chia các số trong phạm vi 1000",Trắc nghiệm Em ôn lại những gì đã học (trang 113),CH?A MAP ???C,CH?A MAP ???C,0,unmatched,8,https://vietjack.com/toan-3-cd/trac-nghiem-em-on-lai-nhung-gi-da-hoc-trang-113.jsp
3,"Trắc nghiệm Chương 2: Nhân, chia các số trong phạm vi 1000","Trắc nghiệm Ôn tập về phép nhân, phép chia trong phạm vi 1 000",CH?A MAP ???C,CH?A MAP ???C,43,unmatched,8,https://vietjack.com/toan-3-cd/trac-nghiem-on-tap-ve-phep-nhan-phep-chia-trong-pham-vi-1000.jsp
3,"Trắc nghiệm Chương 2: Nhân, chia các số trong phạm vi 1000",Trắc nghiệm Ôn tập về hình học và đo lường (trang 119),CH?A MAP ???C,CH?A MAP ???C,11,unmatched,8,https://vietjack.com/toan-3-cd/trac-nghiem-on-tap-ve-hinh-hoc-va-do-luong-trang-119.jsp
3,"Trắc nghiệm Chương 2: Nhân, chia các số trong phạm vi 1000",Trắc nghiệm Ôn tập chung (trang 121),CH?A MAP ???C,CH?A MAP ???C,0,unmatched,8,https://vietjack.com/toan-3-cd/trac-nghiem-on-tap-chung-trang-121.jsp
3,Trắc nghiệm Chương 3: Các số trong phạm vi 100 000,Trắc nghiệm Luyện tập (trang 20),CH?A MAP ???C,CH?A MAP ???C,0,unmatched,8,https://vietjack.com/toan-3-cd/trac-nghiem-luyen-tap-trang-20.jsp
3,Trắc nghiệm Chương 3: Các số trong phạm vi 100 000,Trắc nghiệm Vẽ trang trí hình tròn,CH?A MAP ???C,CH?A MAP ???C,18,unmatched,8,https://vietjack.com/toan-3-cd/trac-nghiem-ve-trang-tri-hinh-tron.jsp
3,Trắc nghiệm Chương 3: Các số trong phạm vi 100 000,Trắc nghiệm Luyện tập chung (trang 34),CH?A MAP ???C,CH?A MAP ???C,0,unmatched,8,https://vietjack.com/toan-3-cd/trac-nghiem-luyen-tap-chung-trang-34.jsp
3,Trắc nghiệm Chương 3: Các số trong phạm vi 100 000,Trắc nghiệm Thực hành xem đồng hồ,CH?A MAP ???C,CH?A MAP ???C,7,unmatched,8,https://vietjack.com/toan-3-cd/trac-nghiem-thuc-hanh-xem-dong-ho.jsp
3,Trắc nghiệm Chương 3: Các số trong phạm vi 100 000,Trắc nghiệm Thực hành xem đồng hồ (tiếp theo),CH?A MAP ???C,CH?A MAP ???C,17,unmatched,9,https://vietjack.com/toan-3-cd/trac-nghiem-thuc-hanh-xem-dong-ho-tiep-theo.jsp
3,Trắc nghiệm Chương 3: Các số trong phạm vi 100 000,Trắc nghiệm Em ôn lại những gì đã học (trang 47),CH?A MAP ???C,CH?A MAP ???C,0,unmatched,8,https://vietjack.com/toan-3-cd/trac-nghiem-em-on-lai-nhung-gi-da-hoc-trang-47.jsp
3,Trắc nghiệm Chương 3: Các số trong phạm vi 100 000,Trắc nghiệm Em vui học toán (trang 49),CH?A MAP ???C,CH?A MAP ???C,9,unmatched,9,https://vietjack.com/toan-3-cd/trac-nghiem-em-vui-hoc-toan-trang-49.jsp
3,"Trắc nghiệm Chương 4: Cộng, trừ, nhân, chia trong phạm vi 100 000",Trắc nghiệm Nhân với số có một chữ số (không nhớ),"Chủ đề 2: Nhân, chia các số trong phạm vi 1 000",2. Nhân với số có một chữ số (không nhớ),92,ambiguous_match,7,https://vietjack.com/toan-3-cd/trac-nghiem-nhan-voi-so-co-mot-chu-so-khong-nho-trang-59.jsp
3,"Trắc nghiệm Chương 4: Cộng, trừ, nhân, chia trong phạm vi 100 000",Trắc nghiệm Luyện tập (trang 63),CH?A MAP ???C,CH?A MAP ???C,0,unmatched,8,https://vietjack.com/toan-3-cd/trac-nghiem-luyen-tap-trang-63.jsp
3,"Trắc nghiệm Chương 4: Cộng, trừ, nhân, chia trong phạm vi 100 000",Trắc nghiệm Luyện tập (trang 69),CH?A MAP ???C,CH?A MAP ???C,0,unmatched,8,https://vietjack.com/toan-3-cd/trac-nghiem-luyen-tap-trang-69.jsp
3,"Trắc nghiệm Chương 4: Cộng, trừ, nhân, chia trong phạm vi 100 000",Trắc nghiệm Luyện tập (trang 73),CH?A MAP ???C,CH?A MAP ???C,0,unmatched,8,https://vietjack.com/toan-3-cd/trac-nghiem-luyen-tap-trang-73.jsp
3,"Trắc nghiệm Chương 4: Cộng, trừ, nhân, chia trong phạm vi 100 000",Trắc nghiệm Luyện tập chung (trang 75),CH?A MAP ???C,CH?A MAP ???C,0,unmatched,8,https://vietjack.com/toan-3-cd/trac-nghiem-luyen-tap-chung-trang-75.jsp
3,"Trắc nghiệm Chương 4: Cộng, trừ, nhân, chia trong phạm vi 100 000",Trắc nghiệm Luyện tập chung (trang 81),CH?A MAP ???C,CH?A MAP ???C,0,unmatched,8,https://vietjack.com/toan-3-cd/trac-nghiem-luyen-tap-chung-trang-81.jsp
3,"Trắc nghiệm Chương 4: Cộng, trừ, nhân, chia trong phạm vi 100 000",Trắc nghiệm Luyện tập chung (trang 90),CH?A MAP ???C,CH?A MAP ???C,0,unmatched,8,https://vietjack.com/toan-3-cd/trac-nghiem-luyen-tap-chung-trang-90.jsp
3,"Trắc nghiệm Chương 4: Cộng, trừ, nhân, chia trong phạm vi 100 000",Trắc nghiệm Em ôn lại những gì đã học (trang 100),CH?A MAP ???C,CH?A MAP ???C,0,unmatched,8,https://vietjack.com/toan-3-cd/trac-nghiem-em-on-lai-nhung-gi-da-hoc-trang-100.jsp
3,"Trắc nghiệm Chương 4: Cộng, trừ, nhân, chia trong phạm vi 100 000",Trắc nghiệm Em vui học toán (trang 102),CH?A MAP ???C,CH?A MAP ???C,9,unmatched,8,https://vietjack.com/toan-3-cd/trac-nghiem-em-vui-hoc-toan-trang-102.jsp
3,"Trắc nghiệm Chương 4: Cộng, trừ, nhân, chia trong phạm vi 100 000",Trắc nghiệm Ôn tập về số và phép tính trong phạm vi 100 000,CH?A MAP ???C,CH?A MAP ???C,44,unmatched,8,https://vietjack.com/toan-3-cd/trac-nghiem-on-tap-ve-so-va-phep-tinh-trong-pham-vi-100-000.jsp
3,"Trắc nghiệm Chương 4: Cộng, trừ, nhân, chia trong phạm vi 100 000",Trắc nghiệm Ôn tập về số và phép tính trong phạm vi 100 000 (tiếp theo),Chủ đề 3: Các số trong phạm vi 100 000,5. Các số trong phạm vi 100 000 (tiếp theo),49,low_score,8,https://vietjack.com/toan-3-cd/trac-nghiem-on-tap-ve-so-va-phep-tinh-trong-pham-vi-100-000-tiep.jsp
3,"Trắc nghiệm Chương 4: Cộng, trừ, nhân, chia trong phạm vi 100 000",Trắc nghiệm Ôn tập về hình học và đo lường (trang 109),CH?A MAP ???C,CH?A MAP ???C,11,unmatched,8,https://vietjack.com/toan-3-cd/trac-nghiem-on-tap-ve-hinh-hoc-va-do-luong-trang-109.jsp
3,"Trắc nghiệm Chương 4: Cộng, trừ, nhân, chia trong phạm vi 100 000",Trắc nghiệm Ôn tập về một số yếu tố thống kê và xác suất,CH?A MAP ???C,CH?A MAP ???C,18,unmatched,8,https://vietjack.com/toan-3-cd/trac-nghiem-on-tap-ve-mot-so-yeu-to-thong-ke-va-xac-suat.jsp
3,"Trắc nghiệm Chương 4: Cộng, trừ, nhân, chia trong phạm vi 100 000",Trắc nghiệm Ôn tập chung (trang 113),CH?A MAP ???C,CH?A MAP ???C,0,unmatched,8,https://vietjack.com/toan-3-cd/trac-nghiem-on-tap-chung-trang-113.jsp
4,Trắc nghiệm Chủ đề 1: Số tự nhiên,Trắc nghiệm Ôn tập về hình học và đo lường,CH?A MAP ???C,CH?A MAP ???C,11,unmatched,13,https://vietjack.com/toan-4-cd/trac-nghiem-on-tap-ve-hinh-hoc-va-do-luong.jsp
4,Trắc nghiệm Chủ đề 1: Số tự nhiên,Trắc nghiệm Ôn tập về một số yếu tố thống kê và xác suất,CH?A MAP ???C,CH?A MAP ???C,17,unmatched,13,https://vietjack.com/toan-4-cd/trac-nghiem-on-tap-ve-mot-so-yeu-to-thong-ke-va-xac-suat.jsp
4,Trắc nghiệm Chủ đề 1: Số tự nhiên,Trắc nghiệm Luyện tập (trang 22),CH?A MAP ???C,CH?A MAP ???C,0,unmatched,13,https://vietjack.com/toan-4-cd/trac-nghiem-luyen-tap-trang-22.jsp
4,Trắc nghiệm Chủ đề 1: Số tự nhiên,"Trắc nghiệm Luyện tập (trang 28, 29, 30)",CH?A MAP ???C,CH?A MAP ???C,0,unmatched,12,https://vietjack.com/toan-4-cd/trac-nghiem-luyen-tap-trang-28-29-30.jsp
4,Trắc nghiệm Chủ đề 1: Số tự nhiên,Trắc nghiệm Luyện tập (trang 43),CH?A MAP ???C,CH?A MAP ???C,0,unmatched,11,https://vietjack.com/toan-4-cd/trac-nghiem-luyen-tap-trang-43.jsp
4,Trắc nghiệm Chủ đề 1: Số tự nhiên,"Trắc nghiệm Luyện tập chung (trang 57, 58)",CH?A MAP ???C,CH?A MAP ???C,0,unmatched,11,https://vietjack.com/toan-4-cd/trac-nghiem-luyen-tap-chung-trang-57-58.jsp
4,Trắc nghiệm Chủ đề 1: Số tự nhiên,"Trắc nghiệm Em ôn lại những gì đã học (trang 59, 60)",CH?A MAP ???C,CH?A MAP ???C,0,unmatched,13,https://vietjack.com/toan-4-cd/trac-nghiem-em-on-lai-nhung-gi-da-hoc-trang-59.jsp
4,Trắc nghiệm Chủ đề 1: Số tự nhiên,"Trắc nghiệm Em vui học toán (trang 61, 62)",CH?A MAP ???C,CH?A MAP ???C,8,unmatched,13,https://vietjack.com/toan-4-cd/trac-nghiem-em-vui-hoc-toan-trang-61.jsp
4,Trắc nghiệm Chủ đề 2: Các phép tính với số tự nhiên,"Trắc nghiệm Luyện tập chung (trang 74, 75)",CH?A MAP ???C,CH?A MAP ???C,0,unmatched,10,https://vietjack.com/toan-4-cd/trac-nghiem-luyen-tap-chung-trang-74-75.jsp
4,Trắc nghiệm Chủ đề 2: Các phép tính với số tự nhiên,Trắc nghiệm Luyện tập (trang 80),CH?A MAP ???C,CH?A MAP ???C,0,unmatched,11,https://vietjack.com/toan-4-cd/trac-nghiem-luyen-tap-trang-80.jsp
4,Trắc nghiệm Chủ đề 2: Các phép tính với số tự nhiên,Trắc nghiệm Luyện tập (trang 83),CH?A MAP ???C,CH?A MAP ???C,0,unmatched,12,https://vietjack.com/toan-4-cd/trac-nghiem-luyen-tap-trang-83.jsp
4,Trắc nghiệm Chủ đề 2: Các phép tính với số tự nhiên,Trắc nghiệm Luyện tập chung (trang 86),CH?A MAP ???C,CH?A MAP ???C,0,unmatched,13,https://vietjack.com/toan-4-cd/trac-nghiem-luyen-tap-chung-trang-86.jsp
4,Trắc nghiệm Chủ đề 2: Các phép tính với số tự nhiên,"Trắc nghiệm Luyện tập (trang 93, 94)",CH?A MAP ???C,CH?A MAP ???C,0,unmatched,12,https://vietjack.com/toan-4-cd/trac-nghiem-luyen-tap-trang-93-94.jsp
4,Trắc nghiệm Chủ đề 2: Các phép tính với số tự nhiên,Trắc nghiệm Luyện tập (trang 97),CH?A MAP ???C,CH?A MAP ???C,0,unmatched,12,https://vietjack.com/toan-4-cd/trac-nghiem-luyen-tap-trang-97.jsp
4,Trắc nghiệm Chủ đề 2: Các phép tính với số tự nhiên,"Trắc nghiệm Luyện tập (trang 100, 101)",CH?A MAP ???C,CH?A MAP ???C,0,unmatched,13,https://vietjack.com/toan-4-cd/trac-nghiem-luyen-tap-trang-100-101.jsp
4,Trắc nghiệm Chủ đề 2: Các phép tính với số tự nhiên,"Trắc nghiệm Luyện tập chung (trang 102, 103)",CH?A MAP ???C,CH?A MAP ???C,0,unmatched,14,https://vietjack.com/toan-4-cd/trac-nghiem-luyen-tap-chung-trang-102-103.jsp
4,Trắc nghiệm Chủ đề 2: Các phép tính với số tự nhiên,"Trắc nghiệm Luyện tập (trang 106, 107)",CH?A MAP ???C,CH?A MAP ???C,0,unmatched,11,https://vietjack.com/toan-4-cd/trac-nghiem-luyen-tap-trang-106-107.jsp
4,Trắc nghiệm Chủ đề 2: Các phép tính với số tự nhiên,"Trắc nghiệm Em ôn lại những gì đã học (trang 111, 112)",CH?A MAP ???C,CH?A MAP ???C,0,unmatched,10,https://vietjack.com/toan-4-cd/trac-nghiem-em-on-lai-nhung-gi-da-hoc-trang-111.jsp
4,Trắc nghiệm Chủ đề 2: Các phép tính với số tự nhiên,Trắc nghiệm Em vui học toán (trang 113),CH?A MAP ???C,CH?A MAP ???C,8,unmatched,11,https://vietjack.com/toan-4-cd/trac-nghiem-em-vui-hoc-toan-trang-113.jsp
4,Trắc nghiệm Chủ đề 2: Các phép tính với số tự nhiên,"Trắc nghiệm Ôn tập chung (trang 116, 117, 118)",CH?A MAP ???C,CH?A MAP ???C,0,unmatched,11,https://vietjack.com/toan-4-cd/trac-nghiem-on-tap-chung-trang-116.jsp
4,Trắc nghiệm Chủ đề 3: Phân số,"Trắc nghiệm Luyện tập (trang 11, 12)",CH?A MAP ???C,CH?A MAP ???C,0,unmatched,12,https://vietjack.com/toan-4-cd/trac-nghiem-luyen-tap-trang-11-12.jsp
4,Trắc nghiệm Chủ đề 3: Phân số,"Trắc nghiệm Luyện tập (trang 26, 27)",CH?A MAP ???C,CH?A MAP ???C,0,unmatched,12,https://vietjack.com/toan-4-cd/trac-nghiem-luyen-tap-trang-26-27.jsp
4,Trắc nghiệm Chủ đề 3: Phân số,"Trắc nghiệm Luyện tập chung (trang 28, 29)",CH?A MAP ???C,CH?A MAP ???C,0,unmatched,12,https://vietjack.com/toan-4-cd/trac-nghiem-luyen-tap-chung-trang-28-29.jsp
4,Trắc nghiệm Chủ đề 3: Phân số,"Trắc nghiệm Luyện tập chung (trang 40, 41)",CH?A MAP ???C,CH?A MAP ???C,0,unmatched,12,https://vietjack.com/toan-4-cd/trac-nghiem-luyen-tap-chung-trang-40-41.jsp
4,Trắc nghiệm Chủ đề 3: Phân số,"Trắc nghiệm Em ôn lại những gì đã học (trang 42, 43)",CH?A MAP ???C,CH?A MAP ???C,0,unmatched,11,https://vietjack.com/toan-4-cd/trac-nghiem-em-on-lai-nhung-gi-da-hoc-trang-42.jsp
4,Trắc nghiệm Chủ đề 3: Phân số,"Trắc nghiệm Em vui học toán (trang 44, 45, 46)",CH?A MAP ???C,CH?A MAP ???C,8,unmatched,11,https://vietjack.com/toan-4-cd/trac-nghiem-em-vui-hoc-toan-trang-44.jsp
4,Trắc nghiệm Chủ đề 4: Các phép tính với phân số,Trắc nghiệm Luyện tập (trang 52),CH?A MAP ???C,CH?A MAP ???C,0,unmatched,12,https://vietjack.com/toan-4-cd/trac-nghiem-luyen-tap-trang-52.jsp
4,Trắc nghiệm Chủ đề 4: Các phép tính với phân số,"Trắc nghiệm Luyện tập (trang 57, 58)",CH?A MAP ???C,CH?A MAP ???C,0,unmatched,12,https://vietjack.com/toan-4-cd/trac-nghiem-luyen-tap-trang-57-58.jsp
4,Trắc nghiệm Chủ đề 4: Các phép tính với phân số,"Trắc nghiệm Luyện tập chung (trang 59, 60)",CH?A MAP ???C,CH?A MAP ???C,0,unmatched,13,https://vietjack.com/toan-4-cd/trac-nghiem-luyen-tap-chung-trang-59-60.jsp
4,Trắc nghiệm Chủ đề 4: Các phép tính với phân số,"Trắc nghiệm Luyện tập (trang 63, 64)",CH?A MAP ???C,CH?A MAP ???C,0,unmatched,12,https://vietjack.com/toan-4-cd/trac-nghiem-luyen-tap-trang-63-64.jsp
4,Trắc nghiệm Chủ đề 4: Các phép tính với phân số,"Trắc nghiệm Luyện tập (trang 68, 69)",CH?A MAP ???C,CH?A MAP ???C,0,unmatched,12,https://vietjack.com/toan-4-cd/trac-nghiem-luyen-tap-trang-68-69.jsp
4,Trắc nghiệm Chủ đề 4: Các phép tính với phân số,"Trắc nghiệm Luyện tập (trang 72, 73)",CH?A MAP ???C,CH?A MAP ???C,0,unmatched,13,https://vietjack.com/toan-4-cd/trac-nghiem-luyen-tap-trang-72-73.jsp
4,Trắc nghiệm Chủ đề 4: Các phép tính với phân số,"Trắc nghiệm Em ôn lại những gì đã học (trang 85, 86)",CH?A MAP ???C,CH?A MAP ???C,0,unmatched,10,https://vietjack.com/toan-4-cd/trac-nghiem-em-on-lai-nhung-gi-da-hoc-trang-85.jsp
4,Trắc nghiệm Chủ đề 4: Các phép tính với phân số,"Trắc nghiệm Em vui học toán (trang 87, 88)",CH?A MAP ???C,CH?A MAP ???C,8,unmatched,13,https://vietjack.com/toan-4-cd/trac-nghiem-em-vui-hoc-toan-trang-87.jsp
4,Trắc nghiệm Chủ đề 4: Các phép tính với phân số,Trắc nghiệm Ôn tập về số tự nhiên và các phép tính với số tự nhiên,CH?A MAP ???C,CH?A MAP ???C,40,unmatched,12,https://vietjack.com/toan-4-cd/trac-nghiem-on-tap-ve-so-tu-nhien-va-cac-phep-tinh.jsp
4,Trắc nghiệm Chủ đề 4: Các phép tính với phân số,Trắc nghiệm Toán lớp 4 Ôn tập về phân số với các phép tính với phân số,CH?A MAP ???C,CH?A MAP ???C,44,unmatched,12,https://vietjack.com/toan-4-cd/trac-nghiem-on-tap-ve-phan-so-va-cac-phep-tinh-voi-phan-so.jsp
4,Trắc nghiệm Chủ đề 4: Các phép tính với phân số,Trắc nghiệm Ôn tập về hình học và đo lường,CH?A MAP ???C,CH?A MAP ???C,11,unmatched,11,https://vietjack.com/toan-4-cd/trac-nghiem-on-tap-ve-hinh-hoc-va-do-luong-1.jsp
4,Trắc nghiệm Chủ đề 4: Các phép tính với phân số,Trắc nghiệm Ôn tập về một số yếu tố thống kê và xác suất,CH?A MAP ???C,CH?A MAP ???C,17,unmatched,10,https://vietjack.com/toan-4-cd/trac-nghiem-on-tap-ve-mot-so-yeu-to-thong-ke-va-xac-suat-1.jsp
4,Trắc nghiệm Chủ đề 4: Các phép tính với phân số,"Trắc nghiệm Ôn tập chung (trang 99, 100, 101, 102)",CH?A MAP ???C,CH?A MAP ???C,0,unmatched,11,https://vietjack.com/toan-4-cd/trac-nghiem-on-tap-chung-trang-99.jsp
5,500 Bài tập trắc nghiệm Toán lớp 5 Cánh diều Học kì 1 (có lời giải),Trắc nghiệm Ôn tập số tự nhiên,CH?A MAP ???C,CH?A MAP ???C,27,unmatched,8,https://vietjack.com/toan-5-kn/trac-nghiem-bai-1-on-tap-so-tu-nhien.jsp
5,500 Bài tập trắc nghiệm Toán lớp 5 Cánh diều Học kì 1 (có lời giải),Trắc nghiệm Ôn tập các phép tính với số tự nhiên,CH?A MAP ???C,CH?A MAP ???C,40,unmatched,5,https://vietjack.com/toan-5-kn/trac-nghiem-bai-2-on-tap-cac-phep-tinh-voi-so-tu-nhien.jsp
5,500 Bài tập trắc nghiệm Toán lớp 5 Cánh diều Học kì 1 (có lời giải),Trắc nghiệm Ôn tập phân số,CH?A MAP ???C,CH?A MAP ???C,40,unmatched,9,https://vietjack.com/toan-5-kn/trac-nghiem-bai-3-on-tap-phan-so.jsp
5,500 Bài tập trắc nghiệm Toán lớp 5 Cánh diều Học kì 1 (có lời giải),Trắc nghiệm Phân số thập phân,"Chủ đề 1. Ôn tập và bổ sung về số tự nhiên, phân số. Số thập phân",12. Bài 12. Phân số thập phân,92,,8,https://vietjack.com/toan-5-kn/trac-nghiem-bai-4-phan-so-thap-phan.jsp
5,500 Bài tập trắc nghiệm Toán lớp 5 Cánh diều Học kì 1 (có lời giải),Trắc nghiệm Ôn tập các phép tính với phân số,CH?A MAP ???C,CH?A MAP ???C,44,unmatched,5,https://vietjack.com/toan-5-kn/trac-nghiem-bai-5-on-tap-cac-phep-tinh-voi-phan-so.jsp
5,500 Bài tập trắc nghiệm Toán lớp 5 Cánh diều Học kì 1 (có lời giải),"Trắc nghiệm Cộng, trừ hai phân số khác mẫu số",CH?A MAP ???C,CH?A MAP ???C,24,unmatched,6,https://vietjack.com/toan-5-kn/trac-nghiem-bai-6-cong-tru-hai-phan-so-khac-mau-so.jsp
5,500 Bài tập trắc nghiệm Toán lớp 5 Cánh diều Học kì 1 (có lời giải),Trắc nghiệm Hỗn số,"Chủ đề 1. Ôn tập và bổ sung về số tự nhiên, phân số. Số thập phân",11. Bài 11. Hỗn số,92,,7,https://vietjack.com/toan-5-kn/trac-nghiem-bai-7-hon-so.jsp
5,500 Bài tập trắc nghiệm Toán lớp 5 Cánh diều Học kì 1 (có lời giải),Trắc nghiệm Ôn tập hình học và đo lường,CH?A MAP ???C,CH?A MAP ???C,40,unmatched,6,https://vietjack.com/toan-5-kn/trac-nghiem-bai-8-on-tap-hinh-hoc-va-do-luong.jsp
5,500 Bài tập trắc nghiệm Toán lớp 5 Cánh diều Học kì 1 (có lời giải),Trắc nghiệm Bài tập tổng hợp Ôn tập và bổ sung,CH?A MAP ???C,CH?A MAP ???C,17,unmatched,18,https://vietjack.com/toan-5-kn/trac-nghiem-bai-9-luyen-tap-chung.jsp
5,500 Bài tập trắc nghiệm Toán lớp 5 Cánh diều Học kì 1 (có lời giải),Trắc nghiệm Khái niệm số thập phân,CH?A MAP ???C,CH?A MAP ???C,40,unmatched,11,https://vietjack.com/toan-5-kn/trac-nghiem-bai-10-khai-niem-so-thap-phan.jsp
5,500 Bài tập trắc nghiệm Toán lớp 5 Cánh diều Học kì 1 (có lời giải),Trắc nghiệm So sánh các số thập phân,"Chủ đề 1. Ôn tập và bổ sung về số tự nhiên, phân số. Số thập phân",18. Bài 18. So sánh các số thập phân,92,,9,https://vietjack.com/toan-5-kn/trac-nghiem-bai-11-so-sanh-cac-so-thap-phan.jsp
5,500 Bài tập trắc nghiệm Toán lớp 5 Cánh diều Học kì 1 (có lời giải),Trắc nghiệm Viết số đo đại lượng dưới dạng số thập phân,Chủ đề 2. Các phép tính với số thập phân,14. Bài 38. Viết các số đo đại lượng dưới dạng số thập phân,60,low_score,4,https://vietjack.com/toan-5-kn/trac-nghiem-bai-12-viet-so-do-dai-luong-duoi-dang-so-thap-phan.jsp
5,500 Bài tập trắc nghiệm Toán lớp 5 Cánh diều Học kì 1 (có lời giải),Trắc nghiệm Làm tròn số thập phân,"Chủ đề 1. Ôn tập và bổ sung về số tự nhiên, phân số. Số thập phân",19. Bài 19. Làm tròn số thập phân,92,,7,https://vietjack.com/toan-5-kn/trac-nghiem-bai-13-lam-tron-so-thap-phan.jsp
5,500 Bài tập trắc nghiệm Toán lớp 5 Cánh diều Học kì 1 (có lời giải),Trắc nghiệm Bài tập tổng hợp Số thập phân,CH?A MAP ???C,CH?A MAP ???C,40,unmatched,4,https://vietjack.com/toan-5-kn/trac-nghiem-bai-14-luyen-tap-chung.jsp
5,500 Bài tập trắc nghiệm Toán lớp 5 Cánh diều Học kì 1 (có lời giải),Trắc nghiệm Ki-lô-mét vuông. Héc-ta,"Chủ đề 1. Ôn tập và bổ sung về số tự nhiên, phân số. Số thập phân",22. Bài 22. Ki-lô-mét vuông,46,low_score,7,https://vietjack.com/toan-5-kn/trac-nghiem-bai-15-ki-lo-met-vuong-hec-ta.jsp
5,500 Bài tập trắc nghiệm Toán lớp 5 Cánh diều Học kì 1 (có lời giải),Trắc nghiệm Các đơn vị đo diện tích,CH?A MAP ???C,CH?A MAP ???C,18,unmatched,1,https://vietjack.com/toan-5-kn/trac-nghiem-bai-16-cac-don-vi-do-dien-tich.jsp
5,500 Bài tập trắc nghiệm Toán lớp 5 Cánh diều Học kì 1 (có lời giải),Trắc nghiệm Thực hành và trải nghiệm với một số đơn vị đo đại lượng,CH?A MAP ???C,CH?A MAP ???C,21,unmatched,3,https://vietjack.com/toan-5-kn/trac-nghiem-bai-17-thuc-hanh-va-trai-nghiem-voi-mot-so-don-vi.jsp
5,500 Bài tập trắc nghiệm Toán lớp 5 Cánh diều Học kì 1 (có lời giải),Trắc nghiệm Bài tập tổng hợp Một số đơn vị đo diện tích,CH?A MAP ???C,CH?A MAP ???C,16,unmatched,4,https://vietjack.com/toan-5-kn/trac-nghiem-bai-18-luyen-tap-chung.jsp
5,500 Bài tập trắc nghiệm Toán lớp 5 Cánh diều Học kì 1 (có lời giải),Trắc nghiệm Phép cộng số thập phân,Chủ đề 2. Các phép tính với số thập phân,1. Bài 25. Cộng các số thập phân,46,low_score|ambiguous_match,5,https://vietjack.com/toan-5-kn/trac-nghiem-bai-19-phep-cong-so-thap-phan.jsp
5,500 Bài tập trắc nghiệm Toán lớp 5 Cánh diều Học kì 1 (có lời giải),Trắc nghiệm Phép trừ số thập phân,Chủ đề 2. Các phép tính với số thập phân,2. Bài 26. Trừ các số thập phân,46,low_score|ambiguous_match,5,https://vietjack.com/toan-5-kn/trac-nghiem-bai-20-phep-tru-so-thap-phan.jsp
5,500 Bài tập trắc nghiệm Toán lớp 5 Cánh diều Học kì 1 (có lời giải),Trắc nghiệm Bài tập tổng hợp Các phép tính với số thập phân,CH?A MAP ???C,CH?A MAP ???C,43,unmatched,3,https://vietjack.com/toan-5-kn/trac-nghiem-bai-24-luyen-tap-chung.jsp
5,500 Bài tập trắc nghiệm Toán lớp 5 Cánh diều Học kì 1 (có lời giải),"Trắc nghiệm Thực hành và trải nghiệm đo, vẽ, lắp ghép, tạo hình",CH?A MAP ???C,CH?A MAP ???C,17,unmatched,2,https://vietjack.com/toan-5-kn/trac-nghiem-bai-28-thuc-hanh-va-trai-nghiem-do-ve-lap-ghep.jsp
5,500 Bài tập trắc nghiệm Toán lớp 5 Cánh diều Học kì 1 (có lời giải),Trắc nghiệm Bài tập tổng hợp Một số hình phẳng. Chu vi và diện tích,CH?A MAP ???C,CH?A MAP ???C,25,unmatched,4,https://vietjack.com/toan-5-kn/trac-nghiem-bai-29-luyen-tap-chung.jsp
5,Trắc nghiệm Chủ đề 6: Ôn tập học kì 1,Trắc nghiệm Ôn tập số thập phân,"Chủ đề 1. Ôn tập và bổ sung về số tự nhiên, phân số. Số thập phân",12. Bài 12. Phân số thập phân,60,low_score|ambiguous_match,7,https://vietjack.com/toan-5-kn/trac-nghiem-bai-30-on-tap-so-thap-phan.jsp
5,Trắc nghiệm Chủ đề 6: Ôn tập học kì 1,Trắc nghiệm Ôn tập các phép tính với số thập phân,Chủ đề 2. Các phép tính với số thập phân,1. Bài 25. Cộng các số thập phân,51,low_score|ambiguous_match,6,https://vietjack.com/toan-5-kn/trac-nghiem-bai-31-on-tap-cac-phep-tinh-voi-so-thap-phan.jsp
5,Trắc nghiệm Chủ đề 6: Ôn tập học kì 1,Trắc nghiệm Ôn tập một số hình phẳng,CH?A MAP ???C,CH?A MAP ???C,18,unmatched,4,https://vietjack.com/toan-5-kn/trac-nghiem-bai-32-on-tap-mot-so-hinh-phang.jsp
5,Trắc nghiệm Chủ đề 6: Ôn tập học kì 1,"Trắc nghiệm Ôn tập diện tích, chu vi một số hình phẳng",CH?A MAP ???C,CH?A MAP ???C,24,unmatched,6,https://vietjack.com/toan-5-kn/trac-nghiem-bai-33-on-tap-dien-tich-chu-vi-mot-so-hinh-phang.jsp
5,Trắc nghiệm Chủ đề 6: Ôn tập học kì 1,Trắc nghiệm Ôn tập đo lường,CH?A MAP ???C,CH?A MAP ???C,20,unmatched,4,https://vietjack.com/toan-5-kn/trac-nghiem-bai-34-on-tap-do-luong.jsp
5,Trắc nghiệm Chủ đề 6: Ôn tập học kì 1,Trắc nghiệm Ôn tập chung học kì 1,CH?A MAP ???C,CH?A MAP ???C,0,unmatched,7,https://vietjack.com/toan-5-kn/trac-nghiem-bai-35-on-tap-chung.jsp
5,500 Bài tập trắc nghiệm Toán lớp 5 Cánh diều Học kì 2 (có lời giải),Trắc nghiệm Tỉ số,"Chủ đề 1. Ôn tập và bổ sung về số tự nhiên, phân số. Số thập phân",6. Bài 6. Giới thiệu về tỉ số,92,ambiguous_match,11,https://vietjack.com/toan-5-kn/trac-nghiem-bai-36-ti-so-ti-so-phan-tram.jsp
5,500 Bài tập trắc nghiệm Toán lớp 5 Cánh diều Học kì 2 (có lời giải),Trắc nghiệm Tỉ lệ bản đồ và ứng dụng,CH?A MAP ???C,CH?A MAP ???C,36,unmatched,11,https://vietjack.com/toan-5-kn/trac-nghiem-bai-37-ti-le-ban-do-va-ung-dung.jsp
5,500 Bài tập trắc nghiệm Toán lớp 5 Cánh diều Học kì 2 (có lời giải),Trắc nghiệm Tìm hai số khi biết tổng và tỉ số của hai số đó,"Chủ đề 1. Ôn tập và bổ sung về số tự nhiên, phân số. Số thập phân",7. Bài 7. Tìm hai số khi biết tổng và tỉ số của hai số đó,92,,11,https://vietjack.com/toan-5-kn/trac-nghiem-bai-38-tim-hai-so-khi-biet-tong-va-ti-so.jsp
5,500 Bài tập trắc nghiệm Toán lớp 5 Cánh diều Học kì 2 (có lời giải),Trắc nghiệm Tìm hai số khi biết hiệu và tỉ số của hai số đó,"Chủ đề 1. Ôn tập và bổ sung về số tự nhiên, phân số. Số thập phân",8. Bài 8. Tìm hai số khi biết hiệu và tỉ số của hai số đó,92,,11,https://vietjack.com/toan-5-kn/trac-nghiem-bai-39-tim-hai-so-khi-biet-hieu-va-ti-so.jsp
5,500 Bài tập trắc nghiệm Toán lớp 5 Cánh diều Học kì 2 (có lời giải),Trắc nghiệm Tìm tỉ số phần trăm của hai số,Chủ đề 2. Các phép tính với số thập phân,17. Bài 41. Tìm tỉ số phần trăm của hai số,92,,11,https://vietjack.com/toan-5-kn/trac-nghiem-bai-40-tim-ti-so-phan-tram-cua-hai-so.jsp
5,500 Bài tập trắc nghiệm Toán lớp 5 Cánh diều Học kì 2 (có lời giải),Trắc nghiệm Tìm giá trị phần trăm của một số,Chủ đề 2. Các phép tính với số thập phân,18. Bài 42. Tìm giá trị phần trăm của một số cho trước,92,,11,https://vietjack.com/toan-5-kn/trac-nghiem-bai-41-tim-gia-tri-phan-tram-cua-mot-so.jsp
5,500 Bài tập trắc nghiệm Toán lớp 5 Cánh diều Học kì 2 (có lời giải),Trắc nghiệm Máy tính cầm tay,Chủ đề 2. Các phép tính với số thập phân,20. Bài 44. Sử dụng máy tính cầm tay,92,,10,https://vietjack.com/toan-5-kn/trac-nghiem-bai-42-may-tinh-cam-tay.jsp
5,500 Bài tập trắc nghiệm Toán lớp 5 Cánh diều Học kì 2 (có lời giải),Trắc nghiệm Bài toán giải bằng bốn bước tính,CH?A MAP ???C,CH?A MAP ???C,7,unmatched,7,https://vietjack.com/toan-5-kn/trac-nghiem-bai-toan-giai-bang-bon-buoc-tinh.jsp
5,500 Bài tập trắc nghiệm Toán lớp 5 Cánh diều Học kì 2 (có lời giải),Trắc nghiệm Tỉ số phần trăm,Chủ đề 2. Các phép tính với số thập phân,16. Bài 40. Tỉ số phần trăm,92,ambiguous_match,8,https://vietjack.com/toan-5-kn/trac-nghiem-ti-so-phan-tram.jsp
5,500 Bài tập trắc nghiệm Toán lớp 5 Cánh diều Học kì 2 (có lời giải),Trắc nghiệm Bài tập tổng hợp Tỉ số và các bài toán liên quan,CH?A MAP ???C,CH?A MAP ???C,21,unmatched,11,https://vietjack.com/toan-5-kn/trac-nghiem-bai-44-luyen-tap-chung.jsp
5,500 Bài tập trắc nghiệm Toán lớp 5 Cánh diều Học kì 2 (có lời giải),Trắc nghiệm Thực hành và trải nghiệm sử dụng máy tính cầm tay,CH?A MAP ???C,CH?A MAP ???C,37,unmatched,10,https://vietjack.com/toan-5-kn/trac-nghiem-bai-43-thuc-hanh-va-trai-nghiem-su-dung-may-tinh.jsp
5,500 Bài tập trắc nghiệm Toán lớp 5 Cánh diều Học kì 2 (có lời giải),Trắc nghiệm Thể tích của một hình,Chủ đề 3. Hình học và đo lường,13. Bài 62. Thể tích của một hình,92,,12,https://vietjack.com/toan-5-kn/trac-nghiem-bai-45-the-tich-cua-mot-hinh.jsp
5,500 Bài tập trắc nghiệm Toán lớp 5 Cánh diều Học kì 2 (có lời giải),Trắc nghiệm Xăng-ti-mét khối,Chủ đề 3. Hình học và đo lường,14. Bài 63. Xăng-ti-mét khối. Đề-xi-mét khối,92,,11,https://vietjack.com/toan-5-kn/trac-nghiem-bai-46-xang-ti-met-khoi-de-xi-met-khoi.jsp
5,500 Bài tập trắc nghiệm Toán lớp 5 Cánh diều Học kì 2 (có lời giải),Trắc nghiệm Đề-xi-mét khối,Chủ đề 3. Hình học và đo lường,14. Bài 63. Xăng-ti-mét khối. Đề-xi-mét khối,92,,12,https://vietjack.com/toan-5-kn/trac-nghiem-de-xi-met-khoi.jsp
5,500 Bài tập trắc nghiệm Toán lớp 5 Cánh diều Học kì 2 (có lời giải),Trắc nghiệm Mét khối,Chủ đề 3. Hình học và đo lường,14. Bài 63. Xăng-ti-mét khối. Đề-xi-mét khối,92,ambiguous_match,13,https://vietjack.com/toan-5-kn/trac-nghiem-bai-47-met-khoi.jsp
5,500 Bài tập trắc nghiệm Toán lớp 5 Cánh diều Học kì 2 (có lời giải),Trắc nghiệm Bài tập tổng hợp Thể tích. Đơn vị đo thể tích,CH?A MAP ???C,CH?A MAP ???C,19,unmatched,10,https://vietjack.com/toan-5-kn/trac-nghiem-bai-48-luyen-tap-chung.jsp
5,500 Bài tập trắc nghiệm Toán lớp 5 Cánh diều Học kì 2 (có lời giải),"Trắc nghiệm Hình khai triển của hình lập phương, hình hộp chữ nhật và hình trụ",Chủ đề 3. Hình học và đo lường,"10. Bài 59. Hình khai triển của hình hộp chữ nhật, Hình lập phương, hình trụ",62,low_score,7,https://vietjack.com/toan-5-kn/trac-nghiem-bai-49-hinh-khai-trien-cua-hinh-lap-phuong-hinh.jsp
5,500 Bài tập trắc nghiệm Toán lớp 5 Cánh diều Học kì 2 (có lời giải),Trắc nghiệm Diện tích xung quanh và diện tích toàn phần của hình hộp chữ nhật,Chủ đề 3. Hình học và đo lường,"11. Bài 60. Diện tích xung quanh, diện tích toàn phần của hình hộp chữ nhật và hình lập phương",60,low_score,11,https://vietjack.com/toan-5-kn/trac-nghiem-bai-50-dien-tich-xung-quanh-va-dien-tich-toan-phan.jsp
5,500 Bài tập trắc nghiệm Toán lớp 5 Cánh diều Học kì 2 (có lời giải),Trắc nghiệm Diện tích xung quanh và diện tích toàn phần của hình lập phương,Chủ đề 3. Hình học và đo lường,"11. Bài 60. Diện tích xung quanh, diện tích toàn phần của hình hộp chữ nhật và hình lập phương",55,low_score,11,https://vietjack.com/toan-5-kn/trac-nghiem-bai-51-dien-tich-xung-quanh-va-dien-tich-toan-phan.jsp
5,500 Bài tập trắc nghiệm Toán lớp 5 Cánh diều Học kì 2 (có lời giải),Trắc nghiệm Thể tích của hình hộp chữ nhật,CH?A MAP ???C,CH?A MAP ???C,44,unmatched,11,https://vietjack.com/toan-5-kn/trac-nghiem-bai-52-the-tich-cua-hinh-hop-chu-nhat.jsp
5,500 Bài tập trắc nghiệm Toán lớp 5 Cánh diều Học kì 2 (có lời giải),Trắc nghiệm Thể tích của hình lập phương,CH?A MAP ???C,CH?A MAP ???C,36,unmatched,11,https://vietjack.com/toan-5-kn/trac-nghiem-bai-53-the-tich-cua-hinh-lap-phuong.jsp
5,500 Bài tập trắc nghiệm Toán lớp 5 Cánh diều Học kì 2 (có lời giải),Trắc nghiệm Thực hành tính toán và ước lượng thể tích một số hình khối,CH?A MAP ???C,CH?A MAP ???C,25,unmatched,11,https://vietjack.com/toan-5-kn/trac-nghiem-bai-54-thuc-hanh-tinh-toan-va-uoc-luong-the-tich.jsp
5,500 Bài tập trắc nghiệm Toán lớp 5 Cánh diều Học kì 2 (có lời giải),Trắc nghiệm Bài tập tổng hợp Diện tích và thể tích của một số hình khối,CH?A MAP ???C,CH?A MAP ???C,31,unmatched,10,https://vietjack.com/toan-5-kn/trac-nghiem-bai-55-luyen-tap-chung.jsp
5,500 Bài tập trắc nghiệm Toán lớp 5 Cánh diều Học kì 2 (có lời giải),Trắc nghiệm Các đơn vị đo thời gian,CH?A MAP ???C,CH?A MAP ???C,22,unmatched,15,https://vietjack.com/toan-5-kn/trac-nghiem-bai-56-cac-don-vi-do-thoi-gian.jsp
5,500 Bài tập trắc nghiệm Toán lớp 5 Cánh diều Học kì 2 (có lời giải),Trắc nghiệm Cộng số đo thời gian,Chủ đề 3. Hình học và đo lường,20. Bài 69. Cộng số đo thời gian. Trừ số đo thời gian,92,,11,https://vietjack.com/toan-5-kn/trac-nghiem-bai-57-cong-tru-so-do-thoi-gian.jsp
5,500 Bài tập trắc nghiệm Toán lớp 5 Cánh diều Học kì 2 (có lời giải),Trắc nghiệm Trừ số đo thời gian,Chủ đề 3. Hình học và đo lường,20. Bài 69. Cộng số đo thời gian. Trừ số đo thời gian,92,,11,https://vietjack.com/toan-5-kn/trac-nghiem-tru-so-do-thoi-gian.jsp
5,500 Bài tập trắc nghiệm Toán lớp 5 Cánh diều Học kì 2 (có lời giải),Trắc nghiệm Nhân số đo thời gian với một số,Chủ đề 3. Hình học và đo lường,21. Bài 70. Nhân số đo thời gian với một số. Chia số đo thời gian cho một số,92,,12,https://vietjack.com/toan-5-kn/trac-nghiem-bai-58-nhan-chia-so-do-thoi-gian-voi-mot-so.jsp
5,500 Bài tập trắc nghiệm Toán lớp 5 Cánh diều Học kì 2 (có lời giải),Trắc nghiệm Chia số đo thời gian với một số,Chủ đề 3. Hình học và đo lường,21. Bài 70. Nhân số đo thời gian với một số. Chia số đo thời gian cho một số,51,low_score,11,https://vietjack.com/toan-5-kn/trac-nghiem-chia-so-do-thoi-gian-voi-mot-so.jsp
5,500 Bài tập trắc nghiệm Toán lớp 5 Cánh diều Học kì 2 (có lời giải),Trắc nghiệm Vận tốc của một chuyển động đều,CH?A MAP ???C,CH?A MAP ???C,18,unmatched,11,https://vietjack.com/toan-5-kn/trac-nghiem-bai-59-van-toc-cua-mot-chuyen-dong-deu.jsp
5,500 Bài tập trắc nghiệm Toán lớp 5 Cánh diều Học kì 2 (có lời giải),Trắc nghiệm Quãng đường của một chuyển động đều,CH?A MAP ???C,CH?A MAP ???C,33,unmatched,11,https://vietjack.com/toan-5-kn/trac-nghiem-bai-60-quang-duong-thoi-gian-cua-mot-chuyen-dong-deu.jsp
5,500 Bài tập trắc nghiệm Toán lớp 5 Cánh diều Học kì 2 (có lời giải),Trắc nghiệm Thời gian của một chuyển động đều,CH?A MAP ???C,CH?A MAP ???C,33,unmatched,11,https://vietjack.com/toan-5-kn/trac-nghiem-thoi-gian-cua-mot-chuyen-dong-deu.jsp
5,500 Bài tập trắc nghiệm Toán lớp 5 Cánh diều Học kì 2 (có lời giải),"Trắc nghiệm Thực hành tính toán và ước lượng về vận tốc, quãng đường, thời gian trong chuyển động đều",CH?A MAP ???C,CH?A MAP ???C,33,unmatched,11,https://vietjack.com/toan-5-kn/trac-nghiem-bai-61-thuc-hanh-tinh-toan-va-uoc-luong-ve-van-toc.jsp
5,500 Bài tập trắc nghiệm Toán lớp 5 Cánh diều Học kì 2 (có lời giải),"Trắc nghiệm Bài tập tổng hợp Số đo thời gian, vận tốc. Các bài toán liên quan đến chuyển động đều",CH?A MAP ???C,CH?A MAP ???C,19,unmatched,12,https://vietjack.com/toan-5-kn/trac-nghiem-bai-62-luyen-tap-chung.jsp
5,500 Bài tập trắc nghiệm Toán lớp 5 Cánh diều Học kì 2 (có lời giải),"Trắc nghiệm Thu thập, phân loại, sắp xếp các số liệu",CH?A MAP ???C,CH?A MAP ???C,29,unmatched,13,https://vietjack.com/toan-5-kn/trac-nghiem-bai-63-thu-thap-phan-loai-sap-xep-cac-so-lieu.jsp
5,500 Bài tập trắc nghiệm Toán lớp 5 Cánh diều Học kì 2 (có lời giải),Trắc nghiệm Biểu đồ hình quạt tròn,Chủ đề 4. Thống kê và xác suất. Ôn tập cuối năm,1. Bài 79. Biểu đồ hình quạt,53,low_score,12,https://vietjack.com/toan-5-kn/trac-nghiem-bai-64-bieu-do-hinh-quat-tron.jsp
5,500 Bài tập trắc nghiệm Toán lớp 5 Cánh diều Học kì 2 (có lời giải),Trắc nghiệm Tỉ số của số lần lặp lại một sự kiện so với tổng số lần thực hiện,CH?A MAP ???C,CH?A MAP ???C,18,unmatched,10,https://vietjack.com/toan-5-kn/trac-nghiem-bai-65-ti-so-cua-so-lan-lap-lai-mot-su-kien-so-voi.jsp
5,500 Bài tập trắc nghiệm Toán lớp 5 Cánh diều Học kì 2 (có lời giải),Trắc nghiệm Mô tả số lần lặp lại của một kết quả có thể xảy ra trong một số trò chơi đơn giản,Chủ đề 4. Thống kê và xác suất. Ôn tập cuối năm,3. Bài 81. Mô tả số lần lặp lại của một kết quả có thể Xảy ra trong một số trò chơi đơn giản,92,,10,https://vietjack.com/toan-5-kn/trac-nghiem-mo-ta-so-lan-lap-lai-cua-mot-ket-qua-co-the-xay-ra.jsp
5,500 Bài tập trắc nghiệm Toán lớp 5 Cánh diều Học kì 2 (có lời giải),"Trắc nghiệm Thực hành và trải nghiệm thu thập, phân tích, biểu diễn các số liệu thống kê",CH?A MAP ???C,CH?A MAP ???C,25,unmatched,11,https://vietjack.com/toan-5-kn/trac-nghiem-bai-66-thuc-hanh-va-trai-nghiem-thu-thap-phan-tich.jsp
5,500 Bài tập trắc nghiệm Toán lớp 5 Cánh diều Học kì 2 (có lời giải),Trắc nghiệm Bài tập tổng hợp Một số yếu tố thống kê và xác suất,CH?A MAP ???C,CH?A MAP ???C,28,unmatched,10,https://vietjack.com/toan-5-kn/trac-nghiem-bai-67-luyen-tap-chung.jsp
5,500 Bài tập trắc nghiệm Toán lớp 5 Cánh diều Học kì 2 (có lời giải),Trắc nghiệm Ôn tập số tự nhiên,CH?A MAP ???C,CH?A MAP ???C,27,unmatched,14,https://vietjack.com/toan-5-kn/trac-nghiem-bai-68-on-tap-so-tu-nhien-phan-so-so-thap-phan.jsp
5,500 Bài tập trắc nghiệm Toán lớp 5 Cánh diều Học kì 2 (có lời giải),Trắc nghiệm Ôn tập phân số,CH?A MAP ???C,CH?A MAP ???C,40,unmatched,12,https://vietjack.com/toan-5-kn/trac-nghiem-on-tap-phan-so.jsp
5,500 Bài tập trắc nghiệm Toán lớp 5 Cánh diều Học kì 2 (có lời giải),Trắc nghiệm Ôn tập số thập phân,"Chủ đề 1. Ôn tập và bổ sung về số tự nhiên, phân số. Số thập phân",12. Bài 12. Phân số thập phân,60,low_score|ambiguous_match,13,https://vietjack.com/toan-5-kn/trac-nghiem-on-tap-so-thap-phan.jsp
5,500 Bài tập trắc nghiệm Toán lớp 5 Cánh diều Học kì 2 (có lời giải),Trắc nghiệm Ôn tập các phép tính với số tự nhiên,CH?A MAP ???C,CH?A MAP ???C,40,unmatched,13,https://vietjack.com/toan-5-kn/trac-nghiem-bai-69-on-tap-cac-phep-tinh-voi-so-tu-nhien-phan-so.jsp
5,500 Bài tập trắc nghiệm Toán lớp 5 Cánh diều Học kì 2 (có lời giải),Trắc nghiệm Ôn tập các phép tính với phân số,CH?A MAP ???C,CH?A MAP ???C,44,unmatched,12,https://vietjack.com/toan-5-kn/trac-nghiem-on-tap-cac-phep-tinh-voi-phan-so.jsp
5,500 Bài tập trắc nghiệm Toán lớp 5 Cánh diều Học kì 2 (có lời giải),Trắc nghiệm Ôn tập các phép tính với số thập phân,Chủ đề 2. Các phép tính với số thập phân,1. Bài 25. Cộng các số thập phân,51,low_score|ambiguous_match,13,https://vietjack.com/toan-5-kn/trac-nghiem-on-tap-cac-phep-tinh-voi-so-thap-phan.jsp
5,500 Bài tập trắc nghiệm Toán lớp 5 Cánh diều Học kì 2 (có lời giải),"Trắc nghiệm Ôn tập tỉ số, tỉ số phần trăm",Chủ đề 2. Các phép tính với số thập phân,16. Bài 40. Tỉ số phần trăm,53,low_score,11,https://vietjack.com/toan-5-kn/trac-nghiem-bai-70-on-tap-ti-so-ti-so-phan-tram.jsp
5,500 Bài tập trắc nghiệm Toán lớp 5 Cánh diều Học kì 2 (có lời giải),Trắc nghiệm Ôn tập hình học,CH?A MAP ???C,CH?A MAP ???C,27,unmatched,11,https://vietjack.com/toan-5-kn/trac-nghiem-bai-71-on-tap-hinh-hoc.jsp
5,500 Bài tập trắc nghiệm Toán lớp 5 Cánh diều Học kì 2 (có lời giải),Trắc nghiệm Ôn tập đo lường,CH?A MAP ???C,CH?A MAP ???C,20,unmatched,12,https://vietjack.com/toan-5-kn/trac-nghiem-bai-72-on-tap-do-luong.jsp
5,500 Bài tập trắc nghiệm Toán lớp 5 Cánh diều Học kì 2 (có lời giải),Trắc nghiệm Ôn tập toán chuyển động đều,CH?A MAP ???C,CH?A MAP ???C,22,unmatched,11,https://vietjack.com/toan-5-kn/trac-nghiem-bai-73-on-tap-toan-chuyen-dong-deu.jsp
5,500 Bài tập trắc nghiệm Toán lớp 5 Cánh diều Học kì 2 (có lời giải),Trắc nghiệm Ôn tập một số yếu tố xác suất,CH?A MAP ???C,CH?A MAP ???C,18,unmatched,14,https://vietjack.com/toan-5-kn/trac-nghiem-bai-74-on-tap-mot-so-yeu-to-thong-ke-va-xac-suat.jsp
5,500 Bài tập trắc nghiệm Toán lớp 5 Cánh diều Học kì 2 (có lời giải),Trắc nghiệm Ôn tập một số yếu tố thống kê,CH?A MAP ???C,CH?A MAP ???C,29,unmatched,14,https://vietjack.com/toan-5-kn/trac-nghiem-on-tap-mot-so-yeu-to-thong-ke.jsp
5,500 Bài tập trắc nghiệm Toán lớp 5 Cánh diều Học kì 2 (có lời giải),Trắc nghiệm Ôn tập chung cuối năm,CH?A MAP ???C,CH?A MAP ???C,11,unmatched,13,https://vietjack.com/toan-5-kn/trac-nghiem-bai-75-on-tap-chung.jsp
6,Chương 1: Số tự nhiên,Bài tập trắc nghiệm tổng hợp Chương 1,CH?A MAP ???C,CH?A MAP ???C,27,unmatched,34,https://vietjack.com/toan-6-canh-dieu/trac-nghiem-bai-tap-cuoi-chuong-1.jsp
6,Chương 2: Số nguyên,Bài tập trắc nghiệm tổng hợp Chương 2,CH?A MAP ???C,CH?A MAP ???C,27,unmatched,33,https://vietjack.com/toan-6-canh-dieu/trac-nghiem-bai-tap-cuoi-chuong-2.jsp
6,Chương 3: Hình học trực quan,Trắc nghiệm Bài tập cuối chương 3,CH?A MAP ???C,CH?A MAP ???C,16,unmatched,14,https://vietjack.com/toan-6-canh-dieu/trac-nghiem-bai-tap-cuoi-chuong-3.jsp
6,Chương 4: Một số yếu tố thống kê và xác suất,Trắc nghiệm Bài ôn tập cuối chương 4,CH?A MAP ???C,CH?A MAP ???C,16,unmatched,15,https://vietjack.com/toan-6-canh-dieu/trac-nghiem-bai-on-tap-cuoi-chuong-4.jsp
6,Chương 5: Phân số và số thập phân,Trắc nghiệm Bài tập cuối chương 5,CH?A MAP ???C,CH?A MAP ???C,16,unmatched,28,https://vietjack.com/toan-6-canh-dieu/trac-nghiem-bai-tap-cuoi-chuong-5.jsp
6,Chương 6: Hình học phẳng,Trắc nghiệm Bài tập cuối chương 6,CH?A MAP ???C,CH?A MAP ???C,16,unmatched,18,https://vietjack.com/toan-6-canh-dieu/trac-nghiem-bai-tap-cuoi-chuong-6.jsp
7,Trắc nghiệm Chương 1: Số hữu tỉ,Trắc nghiệm Bài 1: Tập hợp ℚ các số hữu tỉ,Chương I. Số hữu tỉ,Bài 1. Tập hợp Q các số hữu tỉ,100,,14,https://vietjack.com/toan-7-cd/trac-nghiem-bai-1-tap-hop-q-cac-so-huu-ti.jsp
7,Trắc nghiệm Chương 1: Số hữu tỉ,"Trắc nghiệm Bài 2: Cộng, trừ, nhân, chia số hữu tỉ",Chương I. Số hữu tỉ,"Bài 2. Cộng, trừ, nhân, chia số hữu tỉ",100,,15,https://vietjack.com/toan-7-cd/trac-nghiem-bai-2-cong-tru-nhan-chia-so-huu-ti.jsp
7,Trắc nghiệm Chương 1: Số hữu tỉ,Trắc nghiệm Bài 3: Phép tính lũy thừa với số mũ tự nhiên của một số hữu tỉ,Chương I. Số hữu tỉ,Bài 3. Phép tính lũy thừa với số mũ tự nhiên của một số hữu tỉ,100,,15,https://vietjack.com/toan-7-cd/trac-nghiem-bai-3-phep-tinh-luy-thua-voi-so-mu-tu-nhien-cua-mot-so-huu-ti.jsp
7,Trắc nghiệm Chương 1: Số hữu tỉ,Trắc nghiệm Bài 4: Thứ tự thực hiện các phép tính. Quy tắc dấu ngoặc,Chương I. Số hữu tỉ,Bài 4. Thứ tự thực hiện các phép tính. Quy tắc dấu ngoặc,100,,15,https://vietjack.com/toan-7-cd/trac-nghiem-bai-4-thu-tu-thuc-hien-cac-phep-tinh-quy-tac-dau-ngoac.jsp
7,Trắc nghiệm Chương 1: Số hữu tỉ,Trắc nghiệm Bài 5: Biểu diễn thập phân của số hữu tỉ,Chương I. Số hữu tỉ,Bài 5. Biểu diễn thập phân của một số hữu tỉ,91,,15,https://vietjack.com/toan-7-cd/trac-nghiem-bai-5-bieu-dien-thap-phan-cua-so-huu-ti.jsp
7,Trắc nghiệm Chương 1: Số hữu tỉ,Trắc nghiệm tổng hợp Toán 7 Chương 1,CH?A MAP ???C,CH?A MAP ???C,20,unmatched,30,https://vietjack.com/toan-7-cd/trac-nghiem-on-tap-chuong-1.jsp
7,Trắc nghiệm Chương 2: Số thực,Trắc nghiệm Bài 1: Số vô tỉ. Căn bậc hai số học,Chương II. Số thực,Bài 1. Số vô tỉ. Căn bậc hai số học,100,,15,https://vietjack.com/toan-7-cd/trac-nghiem-bai-1-so-vo-ti-can-bac-hai-so-hoc.jsp
7,Trắc nghiệm Chương 2: Số thực,Trắc nghiệm Bài 2: Tập hợp R các số thực,Chương II. Số thực,Bài 2. Tập hợp R các số thực,100,,15,https://vietjack.com/toan-7-cd/trac-nghiem-bai-2-tap-hop-r-cac-so-thuc.jsp
7,Trắc nghiệm Chương 2: Số thực,Trắc nghiệm Bài 3: Giá trị tuyệt đối của một số thực,Chương II. Số thực,Bài 3. Giá trị tuyệt đối của một số thực,100,,13,https://vietjack.com/toan-7-cd/trac-nghiem-bai-3-gia-tri-tuyet-doi-cua-mot-so-thuc.jsp
7,Trắc nghiệm Chương 2: Số thực,Trắc nghiệm Bài 4: Làm tròn và ước lượng,Chương II. Số thực,Bài 4. Làm tròn và ước lượng,100,,15,https://vietjack.com/toan-7-cd/trac-nghiem-bai-4-lam-tron-so-va-uoc-luong.jsp
7,Trắc nghiệm Chương 2: Số thực,Trắc nghiệm Bài 5: Tỉ lệ thức,Chương II. Số thực,Bài 5. Tỉ lệ thức,100,,13,https://vietjack.com/toan-7-cd/trac-nghiem-bai-5-ti-le-thuc.jsp
7,Trắc nghiệm Chương 2: Số thực,Trắc nghiệm Bài 6: Dãy tỉ số bằng nhau,Chương II. Số thực,Bài 6. Dãy tỉ số bằng nhau,100,,15,https://vietjack.com/toan-7-cd/trac-nghiem-bai-6-day-ti-so-bang-nhau.jsp
7,Trắc nghiệm Chương 2: Số thực,Trắc nghiệm Bài 7: Đại lượng tỉ lệ thuận,Chương II. Số thực,Bài 7. Đại lượng tỉ lệ thuận,100,,15,https://vietjack.com/toan-7-cd/trac-nghiem-bai-7-dai-luong-ti-le-thuan.jsp
7,Trắc nghiệm Chương 2: Số thực,Trắc nghiệm Bài 8: Đại lượng tỉ lệ nghịch,Chương II. Số thực,Bài 8. Đại lượng tỉ lệ nghịch,100,,15,https://vietjack.com/toan-7-cd/trac-nghiem-bai-8-dai-luong-ti-le-nghich.jsp
7,Trắc nghiệm Chương 2: Số thực,Trắc nghiệm tổng hợp Toán 7 Chương 2,CH?A MAP ???C,CH?A MAP ???C,20,unmatched,30,https://vietjack.com/toan-7-cd/trac-nghiem-on-tap-chuong-2.jsp
7,Trắc nghiệm Chương 3: Hình học trực quan,Trắc nghiệm Bài 1: Hình hộp chữ nhật. Hình lập phương,Chương III. Hình học trực quan,Bài 1. Hình hộp chữ nhật. Hình lập phương,100,,15,https://vietjack.com/toan-7-cd/trac-nghiem-bai-1-hinh-hop-chu-nhat-hinh-lap-phuong.jsp
7,Trắc nghiệm Chương 3: Hình học trực quan,Trắc nghiệm Bài 2: Hình lăng trụ đứng tam giác. Hình lăng trụ đứng tứ giác,Chương III. Hình học trực quan,Bài 2. Hình lăng trụ đứng tam giác. Hình lăng trụ đứng tứ giác,100,,14,https://vietjack.com/toan-7-cd/trac-nghiem-bai-2-hinh-lang-tru-dung-tam-giac-hinh-lang-tru-dung-tu-giac.jsp
7,Trắc nghiệm Chương 3: Hình học trực quan,Trắc nghiệm tổng hợp Toán 7 Chương 3,CH?A MAP ???C,CH?A MAP ???C,20,unmatched,29,https://vietjack.com/toan-7-cd/trac-nghiem-on-tap-chuong-3.jsp
7,Trắc nghiệm Chương 4: Góc. Đường thẳng song song,Trắc nghiệm Bài 1: Góc ở vị trí đặc biệt,Chương IV. Góc. Đường thẳng song song,Bài 1. Góc ở vị trí đặc biệt,100,,15,https://vietjack.com/toan-7-cd/trac-nghiem-bai-1-goc-o-vi-tri-dac-biet.jsp
7,Trắc nghiệm Chương 4: Góc. Đường thẳng song song,Trắc nghiệm Bài 2: Tia phân giác của một góc,Chương IV. Góc. Đường thẳng song song,Bài 2. Tia phân giác của một góc,100,,13,https://vietjack.com/toan-7-cd/trac-nghiem-bai-2-tia-phan-giac-cua-mot-goc.jsp
7,Trắc nghiệm Chương 4: Góc. Đường thẳng song song,Trắc nghiệm Bài 3: Hai đường thẳng song song,Chương IV. Góc. Đường thẳng song song,Bài 3. Hai đường thẳng song song,100,,15,https://vietjack.com/toan-7-cd/trac-nghiem-bai-3-hai-duong-thang-song-song.jsp
7,Trắc nghiệm Chương 4: Góc. Đường thẳng song song,Trắc nghiệm Bài 4: Định lí,Chương IV. Góc. Đường thẳng song song,Bài 4. Định lí,100,,13,https://vietjack.com/toan-7-cd/trac-nghiem-bai-4-dinh-ly.jsp
7,Trắc nghiệm Chương 4: Góc. Đường thẳng song song,Trắc nghiệm tổng hợp Toán 7 Chương 4,CH?A MAP ???C,CH?A MAP ???C,20,unmatched,29,https://vietjack.com/toan-7-cd/trac-nghiem-on-tap-chuong-4.jsp
7,Trắc nghiệm Chương 5: Một số yếu tố thống kê và xác suất,Trắc nghiệm tổng hợp Toán 7 Chương 5,CH?A MAP ???C,CH?A MAP ???C,20,unmatched,29,https://vietjack.com/toan-7-cd/trac-nghiem-on-tap-chuong-5.jsp
7,Trắc nghiệm Chương 6: Biểu thức đại số,Trắc nghiệm Bài 1: Biểu thức số. Biểu thức đại số,Chương VI. Biểu thức đại số,Bài 1. Biểu thức số. Biểu thức đại số,100,,15,https://vietjack.com/toan-7-cd/trac-nghiem-bai-1-bieu-thuc-so-bieu-thuc-dai-so.jsp
7,Trắc nghiệm Chương 6: Biểu thức đại số,Trắc nghiệm Bài 2: Đa thức một biến. Nghiệm của đa thức một biến,Chương VI. Biểu thức đại số,Bài 2. Đa thức một biến. Nghiệm của đa thức một biến,100,,15,https://vietjack.com/toan-7-cd/trac-nghiem-bai-2-da-thuc-mot-bien-nghiem-cua-da-thuc-mot-bien.jsp
7,Trắc nghiệm Chương 6: Biểu thức đại số,"Trắc nghiệm Bài 3: Phép cộng, phép trừ đa thức một biến",Chương VI. Biểu thức đại số,"Bài 3. Phép cộng, phép trừ đa thức một biến",100,,15,https://vietjack.com/toan-7-cd/trac-nghiem-bai-3-phep-cong-phep-tru-da-thuc-mot-bien.jsp
7,Trắc nghiệm Chương 6: Biểu thức đại số,Trắc nghiệm Bài 4: Phép nhân đa thức một biến,Chương VI. Biểu thức đại số,Bài 4. Phép nhân đa thức một biến,100,,15,https://vietjack.com/toan-7-cd/trac-nghiem-bai-4-phep-nhan-da-thuc-mot-bien.jsp
7,Trắc nghiệm Chương 6: Biểu thức đại số,Trắc nghiệm Bài 5: Phép chia đa thức một biến,Chương VI. Biểu thức đại số,Bài 5. Phép chia đa thức một biến,100,,15,https://vietjack.com/toan-7-cd/trac-nghiem-bai-5-phep-chia-da-thuc-mot-bien.jsp
7,Trắc nghiệm Chương 6: Biểu thức đại số,Trắc nghiệm tổng hợp Toán 7 Chương 6,CH?A MAP ???C,CH?A MAP ???C,20,unmatched,31,https://vietjack.com/toan-7-cd/trac-nghiem-on-tap-chuong-6.jsp
7,Trắc nghiệm Chương 7: Tam giác,Trắc nghiệm Bài 1: Tổng các góc của một tam giác,Chương VII. Tam giác,Bài 1. Tổng các góc của một tam giác,100,,15,https://vietjack.com/toan-7-cd/trac-nghiem-bai-1-tong-cac-goc-cua-mot-tam-giac.jsp
7,Trắc nghiệm Chương 7: Tam giác,Trắc nghiệm Bài 2: Quan hệ giữa góc và cạnh đối diện. Bất đẳng thức tam giác,Chương VII. Tam giác,Bài 2. Quan hệ giữa góc và cạnh đối diện. Bất đẳng thức tam giác,100,,15,https://vietjack.com/toan-7-cd/trac-nghiem-bai-2-quan-he-giua-goc-va-canh-doi-dien.jsp
7,Trắc nghiệm Chương 7: Tam giác,Trắc nghiệm Bài 3: Hai tam giác bằng nhau,Chương VII. Tam giác,Bài 3. Hai tam giác bằng nhau,100,,15,https://vietjack.com/toan-7-cd/trac-nghiem-bai-3-hai-tam-giac-bang-nhau.jsp
7,Trắc nghiệm Chương 7: Tam giác,Trắc nghiệm Bài 4: Trường hợp bằng nhau thứ nhất của tam giác: cạnh - cạnh - cạnh,Chương VII. Tam giác,Bài 4. Trường hợp bằng nhau thứ nhất của tam giác: cạnh - cạnh - cạnh,100,,15,https://vietjack.com/toan-7-cd/trac-nghiem-bai-4-truong-hop-bang-nhau-thu-nhat-cua-tam-giac-canh-canh-canh.jsp
7,Trắc nghiệm Chương 7: Tam giác,Trắc nghiệm Bài 5: Trường hợp bằng nhau thứ hai của tam giác: cạnh - góc - cạnh,Chương VII. Tam giác,Bài 5. Trường hợp bằng nhau thứ hai của tam giác: cạnh - góc - cạnh,100,,15,https://vietjack.com/toan-7-cd/trac-nghiem-bai-5-truong-hop-bang-nhau-thu-hai-cua-tam-giac-canh-goc-canh.jsp
7,Trắc nghiệm Chương 7: Tam giác,Trắc nghiệm Bài 6: Trường hợp bằng nhau thứ ba của tam giác: góc - cạnh - góc,Chương VII. Tam giác,Bài 6. Trường hợp bằng nhau thứ ba của tam giác: góc- cạnh - góc,100,,15,https://vietjack.com/toan-7-cd/trac-nghiem-bai-6-truong-hop-bang-nhau-thu-ba-cua-tam-giac-goc-canh-goc.jsp
7,Trắc nghiệm Chương 7: Tam giác,Trắc nghiệm Bài 7: Tam giác cân,Chương VII. Tam giác,Bài 7. Tam giác cân,100,,15,https://vietjack.com/toan-7-cd/trac-nghiem-bai-7-tam-giac-can.jsp
7,Trắc nghiệm Chương 7: Tam giác,Trắc nghiệm Bài 8: Đường vuông góc và đường xiên,Chương VII. Tam giác,Bài 8. Đường vuông góc và đường xiên,100,,15,https://vietjack.com/toan-7-cd/trac-nghiem-bai-8-duong-vuong-goc-va-duong-xien.jsp
7,Trắc nghiệm Chương 7: Tam giác,Trắc nghiệm Bài 9: Đường trung trực của một đoạn thẳng,Chương VII. Tam giác,Bài 9. Đường trung trực của một đoạn thẳng,100,,15,https://vietjack.com/toan-7-cd/trac-nghiem-bai-9-duong-trung-truc-cua-mot-doan-thang.jsp
7,Trắc nghiệm Chương 7: Tam giác,Trắc nghiệm Bài 10: Tính chất ba đường trung tuyến của tam giác,Chương VII. Tam giác,Bài 10. Tính chất ba đường trung tuyến của tam giác,100,,15,https://vietjack.com/toan-7-cd/trac-nghiem-bai-10-tinh-chat-ba-duong-trung-tuyen-cua-tam-giac.jsp
7,Trắc nghiệm Chương 7: Tam giác,Trắc nghiệm Bài 11: Tính chất ba đường phân giác của tam giác,Chương VII. Tam giác,Bài 11. Tính chất ba đường phân giác của tam giác,100,,15,https://vietjack.com/toan-7-cd/trac-nghiem-bai-11-tinh-chat-ba-duong-phan-giac-cua-tam-giac.jsp
7,Trắc nghiệm Chương 7: Tam giác,Trắc nghiệm Bài 12: Tính chất ba đường trung trực của tam giác,Chương VII. Tam giác,Bài 12. Tính chất ba đường trung trực của tam giác,100,,15,https://vietjack.com/toan-7-cd/trac-nghiem-bai-12-tinh-chat-ba-duong-trung-truc-cua-tam-giac.jsp
7,Trắc nghiệm Chương 7: Tam giác,Trắc nghiệm Bài 13: Tính chất ba đường cao của tam giác,Chương VII. Tam giác,Bài 13. Tính chất ba đường cao của tam giác,100,,15,https://vietjack.com/toan-7-cd/trac-nghiem-bai-13-tinh-chat-ba-duong-cao-cua-tam-giac.jsp
7,Trắc nghiệm Chương 7: Tam giác,Trắc nghiệm tổng hợp Toán 7 Chương 7,CH?A MAP ???C,CH?A MAP ???C,20,unmatched,31,https://vietjack.com/toan-7-cd/trac-nghiem-on-tap-chuong-7.jsp